symbol,publishedDate,title,image,site,text,url,title_compound,text_compound
SPGI,2020-12-29,S&P Global (SPGI) Stock Rises 16.5% Year to Date: Here's Why,https://cdn.snapi.dev/images/v1/p/6/business-services1.jpg,Zacks Investment Research,"Consecutive better-than-expected top- and bottom-line performances, encouraging 2020 EPS guidance and contributions from acquisitions have been aiding S&P Global (SPGI) stock.",https://www.zacks.com/stock/news/1230167/sp-global-spgi-stock-rises-165-year-to-date-heres-why,0.0,0.6369
SPGI,2020-12-21,"Lifshitz Law Firm, P.C. Announces Investigation of INFO, SPGI, LORL, PS, PRVL, CKH, TCF, HBAN, and ZAGG",https://cdn.snapi.dev/images/v1/7/k/press14---bmhhgjmbd2.jpg,PRNewsWire,"NEW YORK, Dec. 20, 2020 /PRNewswire/ -- IHS Markit Ltd. (NYSE: INFO) - S&P Global (NYSE: SPGI) Lifshitz Law Firm, P.C. announces investigation into possible breach of fiduciary duties in connection with the sale of INFO to SPGI for a fixed ratio of 0.2838 SPGI shares per INFO share. If...",https://www.prnewswire.com/news-releases/lifshitz-law-firm-pc-announces-investigation-of-info-spgi-lorl-ps-prvl-ckh-tcf-hban-and-zagg-301196499.html,0.0,0.5267
SPGI,2020-12-18,S&P Global Platts: The worst is still yet to come on oil's recovery,https://cdn.snapi.dev/images/v1/z/x/sp-global-platts-the-worst-is-still-yet-to-come-on-oils-recovery.jpg,CNBC Television,"Chris Midgley of S&P Global Platts says the recovery in the oil and energy market will be dependent on transportation getting back to normal, and expects refiners to continue to struggle in 2021.",https://www.youtube.com/watch?v=9t_CqY0pMv8,-0.6249,-0.0516
SPGI,2020-12-17,S&P Global (SPGI) And IHS Markit (INFO) Reveal Divisional Structure Of Combined Company,https://cdn.snapi.dev/images/v1/a/c/business-services4---hnbtyiasbm.jpg,Pulse2,"Recently, S&P Global (NYSE: SPGI) and IHS Markit (NYSE: INFO) announced the future divisional structure of the combined company, effective upon completing their pending merger. The post S&P Global (SPGI) And IHS Markit (INFO) Reveal Divisional Structure Of Combined Company appeared first on Pulse 2.0.",https://pulse2.com/sp-global-spgi-and-ihs-markit-info-divisional-structure/,0.0,0.4767
SPGI,2020-12-16,S&P Global and IHS Markit Announce Divisional Structure of Combined Company,https://cdn.snapi.dev/images/v1/t/4/press7---bas1xyuhep.jpg,PRNewsWire,"NEW YORK and LONDON, Dec. 16, 2020 /PRNewswire/ -- S&P Global (NYSE: SPGI) and IHS Markit (NYSE: INFO) today announced the future divisional structure of the combined company, effective upon completing their pending merger. ""This announcement is an important milestone in bringing together...",https://www.prnewswire.com/news-releases/sp-global-and-ihs-markit-announce-divisional-structure-of-combined-company-301194556.html,0.0,0.5994
SPGI,2020-12-16,S&P Global Platts to Publish First Voluntary Carbon Credit Price Assessments,https://cdn.snapi.dev/images/v1/p/r/press9---k8kaaixhrr.jpg,PRNewsWire,"LONDON, Dec. 16, 2020 /PRNewswire/ -- S&P Global Platts (""Platts""), the leading independent provider of information and benchmark prices for the commodities and energy markets, today announced that it will begin publishing the world's first daily ""CORSIA-eligible"" carbon credit price...",https://www.prnewswire.com/news-releases/sp-global-platts-to-publish-first-voluntary-carbon-credit-price-assessments-301193861.html,0.3818,0.5719
SPGI,2020-12-11,2021 outlook: The stimulus and vaccines are critical factors to economic growth: S&P Global CEO,https://cdn.snapi.dev/images/v1/5/s/2021-outlook-the-stimulus-and-vaccines-are-critical-factors-to-economic-growth-sp-global-ceo.jpg,Yahoo Finance,"Doug Peterson, S&P Global CEO weighs in on the outlook for stocks in 2021. For 2020 election results please visit: Election results: https://www.yahoo.com/elections Subscribe to Yahoo Finance: https://yhoo.it/2fGu5Bb About Yahoo Finance: At Yahoo Finance, you get free stock quotes, up-to-date news, portfolio management resources, international market data, social interaction and mortgage rates that help you manage your financial life.",https://www.youtube.com/watch?v=viR2YR8gIZo,0.0772,0.8074
SPGI,2020-12-10,"IHS MARKIT INVESTOR ALERT By the Former Attorney General of Louisiana: Kahn Swick & Foti, LLC Investigates Adequacy of Price and Process in Proposed Sale of IHS Markit - INFO",https://cdn.snapi.dev/images/v1/a/8/press1---gwy0thlwzu.jpg,Business Wire,"NEW ORLEANS--(BUSINESS WIRE)--Former Attorney General of Louisiana Charles C. Foti, Jr., Esq. and the law firm of Kahn Swick & Foti, LLC (“KSF”) are investigating the proposed sale of IHS Markit (NYSE: INFO) to S&P Global (NYSE: SPGI). Under the terms of the proposed transaction, shareholders of IHS will receive only 0.2838 shares of S&P for each share of IHS that they own. KSF is seeking to determine whether this consideration and the process that led to it are adequate, or whether",https://www.businesswire.com/news/home/20201210006171/en/IHS-MARKIT-INVESTOR-ALERT-By-the-Former-Attorney-General-of-Louisiana-Kahn-Swick-Foti-LLC-Investigates-Adequacy-of-Price-and-Process-in-Proposed-Sale-of-IHS-Markit---INFO/,0.4466,0.6486
SPGI,2020-12-10,Lukka Closes Series C Led by State Street With Participation From S&P Global and CPA.com,https://cdn.snapi.dev/images/v1/g/u/press12---kmnftxzteu.jpg,Business Wire,"NEW YORK--(BUSINESS WIRE)--Lukka, the leading crypto asset software and data provider, announced it has completed its Series C funding led by State Street Corporation (NYSE:STT) with participation from S&P Global (NYSE: SPGI), and CPA.com, the business and technology subsidiary of the AICPA. Lukka's Series C investors further signify the growing importance of crypto assets in the traditional financial industry. With this raise, Lukka will continue to expand its existing institutional grade",https://www.businesswire.com/news/home/20201210005672/en/Lukka-Closes-Series-C-Led-by-State-Street-With-Participation-From-SP-Global-and-CPA.com/,0.0,0.8271
SPGI,2020-12-08,Royal Caribbean credit in danger of a downgrade at S&P Global,https://cdn.snapi.dev/images/v1/q/g/resorts4---jf55cvwmkd.jpg,Market Watch,"Royal Caribbean Group's credit rating is in danger of being downgraded deeper into junk territory by S&P Global Ratings, which citing expectations that the cruise operator's recovery will take longer than previously projected. The company's issuer credit rating of B+, which is four notches below investment grade territory, was put on CreditWatch with negative implications, as Royal's recently extended suspension of cruises through February is beyond S&P Global's assumptions, which was for operations to resume in a phased manner starting in the fourth quarter.",https://www.marketwatch.com/story/royal-caribbean-credit-in-danger-of-a-downgrade-at-sp-global-2020-12-08,-0.2023,-0.4404
SPGI,2020-12-07,S&P Global to Present at the BMO 2020 Growth & ESG Conference on December 8-9,https://cdn.snapi.dev/images/v1/l/z/conf12.jpg,PRNewsWire,"NEW YORK, Dec. 7, 2020 /PRNewswire/ -- S&P Global (NYSE: SPGI) will be participating in the BMO 2020 Growth & ESG Conference on December 8 and 9. Richard Mattison, CEO of S&P Global Trucost, is scheduled to participate as a panelist in the ""Measuring ESG Risk"" panel on December 8 from...",https://www.prnewswire.com/news-releases/sp-global-to-present-at-the-bmo-2020-growth--esg-conference-on-december-8-9-301187514.html,0.3818,0.128
SPGI,2020-12-04,S&P Global Buying Rival Financial Data Giant IHS Markit,https://cdn.snapi.dev/images/v1/s/2/s2kwedff---msyfxn0o38.jpg,Investopedia,S&P Global announced that it will acquire IHS Markit in an all-stock deal that will close sometime in 2021 if approved.,https://www.investopedia.com/s-and-p-global-buying-rival-financial-data-giant-ihs-markit-5090086,0.0,0.4215
SPGI,2020-12-04,S&P Global to Present at the Goldman Sachs U.S. Financial Services Conference on December 8,https://cdn.snapi.dev/images/v1/t/s/conf19.jpg,PRNewsWire,"NEW YORK, Dec. 4, 2020 /PRNewswire/ -- Ewout Steenbergen, Executive Vice President and Chief Financial Officer of S&P Global (NYSE: SPGI), will present at the Goldman Sachs U.S. Financial Services Conference on December 8. Mr. Steenbergen is scheduled to speak from 10:40 a.m. to 11:15 a.m....",https://www.prnewswire.com/news-releases/sp-global-to-present-at-the-goldman-sachs-us-financial-services-conference-on-december-8-301186584.html,0.0,0.0
SPGI,2020-12-04,S&P Global Beefs Up Its Financial Data Arm By Buying IHS Markit,https://cdn.snapi.dev/images/v1/v/j/urlhttps3a2f2fgfoolcdncom2feditorial2fimages2f6028272fmergers-and-acquisitions2jpgw700opresize.jpg,The Motley Fool,"The transaction is a complementary, strategic one.",https://www.fool.com/investing/2020/12/04/sp-global-beefs-up-its-financial-data-arm-by-buyin/,0.0,0.0
SPGI,2020-12-04,S&P stock price tumbles after spending $44 billion to acquire IHS Markit,https://cdn.snapi.dev/images/v1/e/o/137810875-s-740x416.jpg,Invezz,Shares of S&P Global (NYSE: SPGI) are trading more than 4% in the red this week after the financial data giant agreed a deal to acquire IHS Markit (NYSE: INFO) for $44 billion in shares. Fundamental analysis: The biggest deal of 2020 S&P Global stroke a deal that will merge the two of the largest financial information and analytics companies in the world to create the third biggest player in this sector.,https://invezz.com/news/2020/12/04/sp-stock-price-tumbles-after-spending-44-billion-to-acquire-ihs-markit/,0.0,0.765
SPGI,2020-12-03,"IHS MARKIT INVESTOR ALERT By the Former Attorney General of Louisiana: Kahn Swick & Foti, LLC Investigates Adequacy of Price and Process in Proposed Sale of IHS Markit - INFO",https://cdn.snapi.dev/images/v1/j/i/press9---5ol9xfnoet.jpg,Business Wire,"NEW ORLEANS--(BUSINESS WIRE)--Former Attorney General of Louisiana Charles C. Foti, Jr., Esq. and the law firm of Kahn Swick & Foti, LLC (“KSF”) are investigating the proposed sale of IHS Markit (NYSE: INFO) to S&P Global (NYSE: SPGI). Under the terms of the proposed transaction, shareholders of IHS will receive only 0.2838 shares of S&P for each share of IHS that they own. KSF is seeking to determine whether this consideration and the process that led to it are adequate, or whether",https://www.businesswire.com/news/home/20201203006109/en/IHS-MARKIT-INVESTOR-ALERT-By-the-Former-Attorney-General-of-Louisiana-Kahn-Swick-Foti-LLC-Investigates-Adequacy-of-Price-and-Process-in-Proposed-Sale-of-IHS-Markit---INFO/,0.4466,0.6486
SPGI,2020-12-03,One Dividend Aristocrat Set To Soar And One You Should Ignore,https://cdn.snapi.dev/images/v1/7/w/recreational3.jpg,Seeking Alpha,"Dividend aristocrats are beloved by income investors and for good reasons. They are the most dependable dividend blue-chips in the world, and combine several alpha factors to generate consistently market-beating returns over time.",https://seekingalpha.com/article/4392710-one-dividend-aristocrat-set-to-soar-and-one-you-should-ignore,-0.3612,0.7351
SPGI,2020-12-01,S&P's $44 billion deal to buy IHS Markit — Rising stars of real estate — Top banking lawyer joins Kirkland & Ellis,https://cdn.snapi.dev/images/v1/s/p/sps-44-billion-deal-to-buy-ihs-markit-rising-stars-of-real-estate-top-banking-lawyer-joins-kirkland-and-ellis.jpg,Business Insider,"The big news of Monday was S&P Global announcing plans to acquire IHS Markit for $44 billion, the biggest acquisition of 2020.  Also of note, DoorDash and Airbnb both kick off their IPO roadshows this week. ",https://www.businessinsider.com/top-finance-stories-of-the-day-for-december-1-2020-12,0.2023,0.0
SPGI,2020-11-30,S&P Global CEO says recurring revenue to make up bulk of rating agency's business,https://cdn.snapi.dev/images/v1/u/a/sp-global-ceo-says-recurring-revenue-to-make-up-bulk-of-rating-agencys-business.jpg,CNBC Television,"""It's a repossession of the company in the highest growth areas of the financial markets,"" S&P Global CEO Doug Peterson said of the announced $44 billion deal.",https://www.youtube.com/watch?v=AfD2R0YCvBM,0.0,0.3818
SPGI,2020-11-30,S&P Global leans in on recurring revenue in $44 billion IHS Markit deal,https://cdn.snapi.dev/images/v1/f/m/106803469-1606741106663-2018-12-13t221334z-309345986-rc12f3044a00-rtrmadp-3-usa-s-p-global.jpg,CNBC,"""We'll have 76% of our revenue after this will be recurring revenue, and the rating agency will shrink from about 45% to 30%,"" S&P Global CEO Doug Peterson said.",https://www.cnbc.com/2020/11/30/sp-global-leans-in-on-recurring-revenue-in-44-billion-ihs-markit-deal.html,0.0,0.0
SPGI,2020-11-30,Why S&P Global and IHS Markit Both Popped on Monday,https://cdn.snapi.dev/images/v1/h/c/urlhttps3a2f2fgfoolcdncom2feditorial2fimages2f6028112fgettyimages-1197768406jpgw700opresize.jpg,The Motley Fool,The two companies are fusing in a multi-billion dollar merger.,https://www.fool.com/investing/2020/11/30/why-sp-global-and-ihs-markit-both-popped-on-monday/,0.0,0.0
SPGI,2020-11-30,S&P Global to acquire IHS Markit for £32.97 billion,https://cdn.snapi.dev/images/v1/x/1/137810875-s-740x416.jpg,Invezz,S&P Global Inc. (NYSE: SPGI) said on Monday that it will buy IHS Markit Ltd (NYSE: INFO) for £32.97 billion. The all-stock deal will mark the largest corporate acquisition this year.,https://invezz.com/news/2020/11/30/sp-global-to-acquire-ihs-markit-for-32-97-billion/,0.0,0.0
SPGI,2020-11-30,S&P Global to buy IHS Markit: What it means for the ETF industry and beyond,https://cdn.snapi.dev/images/v1/t/j/sp-global-to-buy-ihs-markit-what-it-means-for-the-etf-industry-and-beyond.jpg,CNBC Television,ETF Trends CEO Tom Lydon and Dimensional Fund Advisors co-CEO and CIO Gerard O'Reilly speak to S&P Global's $44 billion mega-deal to buy IHS Markit.,https://www.youtube.com/watch?v=gdBtrF6_S4o,0.0,0.0
SPGI,2020-11-30,Mega Deal Pushes INFO to Record Highs,https://cdn.snapi.dev/images/v1/s/s/ss9455---kohn5ev1ac.,Schaeffers Research,"The shares of IHS Markit Ltd (NYSE:INFO) are up 7.2% at $99.25 at last check, after news that S&P Global (SPGI) will acquire the company in an all-stock $44 billion deal.",https://www.schaeffersresearch.com/content/options/2020/11/30/mega-deal-pushes-info-to-record-highs,0.0,0.296
SPGI,2020-11-30,These 2 Big Deals Weren't Enough to Save the Stock Market Monday,https://cdn.snapi.dev/images/v1/j/v/urlhttps3a2f2fgfoolcdncom2feditorial2fimages2f6027352fhandshake-merger-acquisition-handshake-gettyjpgw700opresize.jpg,The Motley Fool,A pullback to end a huge month was probably inevitable.,https://www.fool.com/investing/2020/11/30/these-2-big-deals-werent-enough-save-stock-market/,-0.3875,0.3182
SPGI,2020-11-30,S&P Global Talks to Buy IHS Markit Put These ETFs in Focus,https://cdn.snapi.dev/images/v1/n/t/business-services1.jpg,Zacks Investment Research,"Per the Dow Jones, S&P Global is in advanced talks to acquire IHS Markit for about $44 billion. The deal will bring Wall Street's two of the largest data providers under one roof.",https://www.zacks.com/stock/news/1119780/sp-global-talks-to-buy-ihs-markit-put-these-etfs-in-focus,0.0,0.25
SPGI,2020-11-30,INFO Stock News: 7 Things to Know About the S&P Global-IHS Markit Merger,https://cdn.snapi.dev/images/v1/y/w/asset-management39-5.jpg,InvestorPlace,IHS Markit (INFO) news for Monday concerning a $44 billion merger deal with S&P Global (SPGI) has INFO stock on the rise. The post INFO Stock News: 7 Things to Know About the S&P Global-IHS Markit Merger appeared first on InvestorPlace.,https://investorplace.com/2020/11/sp-global-ihs-markit-merger-news-boosts-info-stock/,0.0,0.0
SPGI,2020-11-30,"S&P Global and IHS Markit, supply chain info providers, announce $44 billion merger",https://cdn.snapi.dev/images/v1/j/m/wall-street.jpg,FreightWaves,"The parent companies of two significant suppliers of information to the supply chain are merging in the biggest U.S. corporate combination of 2020. S&P Global and IHS Markit are merging in an all-stock deal valued at approximately $44 billion, the companies announced Monday morning.",https://www.freightwaves.com/news/sp-global-and-ihs-markit-supply-chain-info-providers-announce-44-billion-merger,0.0,0.5719
SPGI,2020-11-30,S&P Global to buy IHS Markit in biggest deal of 2020,https://cdn.snapi.dev/images/v1/9/q/sp-global-to-buy-ihs-markit-in-biggest-deal-of-2020.jpg,CNBC Television,"CNBC's ""Squawk on the Street"" team discusses the deal between S&P Global and IHS Markit.",https://www.youtube.com/watch?v=ouuk7x58QJg,0.0,0.0
SPGI,2020-11-30,S&P Global to buy IHS Markit in all stock deal valued at $44 billion,https://cdn.snapi.dev/images/v1/a/1/sp-global-to-buy-ihs-markit-in-all-stock-deal-valued-at-44-billion.jpg,Yahoo Finance,"Yahoo Finance's Julie Hyman, Brian Sozzi, and Myles Udland break down S&P Global buying IHS Markit making it the largest deal of the year. #S&PGlobal #IHSMarkit #stocks Subscribe to Yahoo Finance: https://yhoo.it/2fGu5Bb About Yahoo Finance: At Yahoo Finance, you get free stock quotes, up-to-date news, portfolio management resources, international market data, social interaction and mortgage rates that help you manage your financial life.",https://www.youtube.com/watch?v=V8b1-wvqo-4,0.4404,0.7184
SPGI,2020-11-30,S&P Global to buy data provider IHS Markit in $44B deal,https://cdn.snapi.dev/images/v1/p/x/market-merge-41jpgquality90stripall.jpg,New York Post,"S&P Global has agreed to buy rival financial data provider IHS Markit for $44 billion in the largest merger deal of the year, the companies announced Monday. The massive all-stock tie-up will create a powerful player in the competitive financial information market by uniting one of the industry's oldest firms with a younger competitor that.",https://nypost.com/2020/11/30/sp-global-to-buy-data-provider-ihs-market-for-44-billion/,0.0,0.7717
SPGI,2020-11-30,S&P Global (SPGI) To Buy IHS Markit (INFO) In $44 Billion Deal,https://cdn.snapi.dev/images/v1/u/w/business-services8.jpg,Pulse2,S&P Global Inc (NYSE: SPGI) and IHS Markit Ltd (NYSE: INFO) announced they have entered into a definitive merger agreement to combine in an all-stock transaction that values IHS Markit at an enterprise value of $44 billion. The post S&P Global (SPGI) To Buy IHS Markit (INFO) In $44 Billion Deal appeared first on Pulse 2.0.,https://pulse2.com/sp-global-spgi-to-buy-ihs-markit-info-in-44-billion-deal/,0.0,0.8074
SPGI,2020-11-30,"S&P Global, IHS Markit Merge to Form Data Analytics Powerhouse",https://cdn.snapi.dev/images/v1/u/o/business-services7.jpg,24/7 Wall Street,S&P Global Inc. (NYSE: SPGI) and IHS Markit Ltd.,https://247wallst.com/services/2020/11/30/sp-global-ihs-markit-merge-to-form-data-analytics-powerhouse/,0.0,0.0
SPGI,2020-11-30,IHS Markit's stock surges after S&P Global buyout deal valuing company at $44 billion,https://cdn.snapi.dev/images/v1/t/q/asset-management19-14.jpg,Market Watch,"Shares of IHS Markit Ltd. rallied 5.9% in premarket trading Monday, after the information and analytics company announced an agreement to be acquired by S&P Global Inc. in an all-stock deal that values IHS at about $44 billion, including $4.8 billion in debt.",https://www.marketwatch.com/story/ihs-markits-stock-surges-after-sp-global-buyout-deal-valuing-company-at-44-billion-2020-11-30,0.34,0.6808
SPGI,2020-11-30,"S&P Global and IHS Markit to Merge in All-Stock Transaction Valuing IHS Markit at $44 Billion, Powering the Markets of the Future",https://cdn.snapi.dev/images/v1/c/g/press4---zld08mpbdu.jpg,PRNewsWire,"NEW YORK and LONDON, Nov. 30, 2020 /PRNewswire/ -- S&P Global (NYSE: SPGI) and IHS Markit (NYSE: INFO) today announced they have entered into a definitive merger agreement to combine in an all-stock transaction which values IHS Markit at an enterprise value of $44 billion, including $4.8...",https://www.prnewswire.com/news-releases/sp-global-and-ihs-markit-to-merge-in-all-stock-transaction-valuing-ihs-markit-at-44-billion-powering-the-markets-of-the-future-301181473.html,0.34,0.8074
SPGI,2020-11-30,"There's a lot of dissatisfaction and fatigue within OPEC+, S&P Global Platts says",https://cdn.snapi.dev/images/v1/g/k/106803400-1606730884489-gettyimages-1229695635-russia-pumpjacks.jpeg,CNBC,"OPEC+ is expected to consider delaying its output increase at its meeting this week, but there are ""some cracks in the foundation,"" said Herman Wang of S&P Global Platts.",https://www.cnbc.com/2020/11/30/a-lot-of-dissatisfaction-fatigue-within-opec-sp-global-platts.html,-0.6369,0.1655
SPGI,2020-11-30,"S&P Global is close to buying London-based financial data provider IHS Markit for $44 billion, report says",https://cdn.snapi.dev/images/v1/s/p/sp-global-is-close-to-buying-london-based-financial-data-provider-ihs-markit-for-44-billion-report-says.jpg,Business Insider,"S&P Global is close to buying IHS Markit for $44 billion in a deal that would bring together two powerful Wall Street financial data services, the Wall Street Journal reported. A potential merger would challenge two of the largest global data providers, Bloomberg and Refinitiv.",https://www.businessinsider.com/sp-global-takeover-deal-ihs-markit-wsj-2020-11,0.0,0.4767
SPGI,2020-11-30,OPEC+ meeting is 'really coming down to crunch time': S&P Global Platts,https://cdn.snapi.dev/images/v1/o/9/opec-meeting-is-really-coming-down-to-crunch-time-sp-global-platts.jpg,CNBC International TV,"There seems to be a lot of dissatisfaction and fatigue from its members with having to put up with oil cuts for so long amid the coronavirus pandemic, says Herman Wang of S&P Global Platts.",https://www.youtube.com/watch?v=LhpOmUZ67uE,0.0,-0.7506
SPGI,2020-11-30,S&P Global Nears $44B Merger Deal With IHS Markit That Would Create Wall Street Data Behemoth: WSJ,https://cdn.snapi.dev/images/v1/4/f/stephen-dawson-qwtcej5clys-unsplash.jpg,Benzinga,"S&P Global Inc. (NYSE: SPGI) and IHS Markit Ltd. (NYSE: INFO) are nearing a merger deal worth around $44 billion, the Wall Street Journal reported Sunday, citing people familiar with the matter.",https://www.benzinga.com/m-a/20/11/18566885/s-p-global-nears-44b-merger-deal-with-ihs-markit-that-would-create-wall-street-data-behemoth-wsj,0.2732,0.25
SPGI,2020-11-30,The Wall Street Journal: S&P Global poised to acquire IHS Markit for around $44 billion,https://cdn.snapi.dev/images/v1/i/m/im-265802width620size15005861664712778.jpg,Market Watch,"S&P Global Inc. is in advanced talks to acquire IHS Markit Ltd. for about $44 billion, according to people familiar with the matter, a landmark deal that would combine two of the largest providers of data to Wall Street.",https://www.marketwatch.com/story/s-p-global-poised-to-acquire-ihs-markit-for-around-44-billion-11606699273,0.25,0.34
SPGI,2020-11-30,S&P Global in advanced talks to acquire IHS Markit for about $44 billion: WSJ,https://cdn.snapi.dev/images/v1/b/q/m02d20201130t2i1542844807w940fhfwllplsqrlynxmpegat012.jpg,Reuters,"S&P Global Inc is in advanced talks to buy IHS Markit Ltd for about $44 billion, the Wall Street Journal reported https://www.wsj.com/articles/s-p-global-in-advanced-talks-to-buy-ihs-markit-for-about-44-billion-11606697244?mod=latest_headlines on Sunday, citing people familiar with the matter.",https://www.reuters.com/article/us-ihs-markit-m-a-s-p-global/sp-global-in-advanced-talks-to-acquire-ihs-markit-for-about-44-billion-wsj-idUSKBN28A02T,0.25,0.2732
SPGI,2020-11-09,iShares S&P Global Clean Energy Index ETF: Ready To Ride The Renewable Energy Wave,https://cdn.snapi.dev/images/v1/v/e/business-services4.jpg,Seeking Alpha,"The fund is primed to take advantage of the future of energy. With the geographic diversity of investments, ICLN is well placed to take advantage of growth in developing as well as developed economies.",https://seekingalpha.com/article/4386388-ishares-s-and-p-global-clean-energy-index-etf-ready-to-ride-renewable-energy-wave,0.8126,0.872
SPGI,2020-10-27,S&P Global Inc.'s (SPGI) CEO Doug Peterson on Q3 2020 Results - Earnings Call Transcript,https://cdn.snapi.dev/images/v1/i/6/transcript1.jpg,Seeking Alpha,S&P Global Inc.'s (SPGI) CEO Doug Peterson on Q3 2020 Results - Earnings Call Transcript,https://seekingalpha.com/article/4381825-s-and-p-global-inc-s-spgi-ceo-doug-peterson-on-q3-2020-results-earnings-call-transcript,0.0,0.0
SPGI,2020-10-27,S&P Global Revenue Increased 9% In The Third Quarter With Growth Across All Four Divisions,https://cdn.snapi.dev/images/v1/z/o/press11---c1rbed3ike.jpg,PRNewsWire,"NEW YORK, Oct. 27, 2020 /PRNewswire/ -- S&P Global (NYSE: SPGI) today reported third quarter 2020 results with revenue of $1,846 million, an increase of 9% compared to the same period last year. Net income decreased 26% to $455 million and diluted earnings per share decreased 25% to $1.88...",https://www.prnewswire.com/news-releases/sp-global-revenue-increased-9-in-the-third-quarter-with-growth-across-all-four-divisions-301160488.html,0.5719,0.5423
SPGI,2020-09-10,"S&P Global to Present at the virtual Barclays Global Financial Services Conference on September 14, 2020",https://cdn.snapi.dev/images/v1/m/u/press13-3.jpg,PRNewsWire,"NEW YORK, Sept. 10, 2020 /PRNewswire/ -- Douglas L.",https://www.prnewswire.com/news-releases/sp-global-to-present-at-the-virtual-barclays-global-financial-services-conference-on-september-14-2020-301127690.html,0.0,0.0
SPGI,2020-09-09,3 Reasons Why Growth Investors Shouldn't Overlook S&P Global (SPGI),https://cdn.snapi.dev/images/v1/w/y/business-services3.jpg,Zacks Investment Research,"S&P Global (SPGI) is well positioned to outperform the market, as it exhibits above-average growth in financials.",https://www.zacks.com/stock/news/1055884/3-reasons-why-growth-investors-shouldnt-overlook-sp-global-spgi,0.3818,0.5719
SPGI,2020-09-09,S&P Global Market Intelligence and Snowflake Collaborate to Enable Seamless Delivery of Financial and Alternative Data,https://cdn.snapi.dev/images/v1/y/a/press1-3.jpg,PRNewsWire,"NEW YORK, Sept. 9, 2020 /PRNewswire/ -- S&P Global Market Intelligence, today announced that it has collaborated with Snowflake, the cloud data platform, to seamlessly deliver S&P Global's industry-leading financial, textual, ESG and alternative data through Snowflake.",https://www.prnewswire.com/news-releases/sp-global-market-intelligence-and-snowflake-collaborate-to-enable-seamless-delivery-of-financial-and-alternative-data-301125937.html,0.4767,0.4767
SPGI,2020-09-07,S&P Global (SPGI) Stock Rises 26.4% Year to Date: Here's Why,https://cdn.snapi.dev/images/v1/l/t/business-services6.jpg,Zacks Investment Research,"Consecutive better-than-expected top- and bottom-line performances, encouraging yearly EPS guidance and contributions from acquisitions have been aiding S&P Global (SPGI) stock.",https://www.zacks.com/stock/news/1054526/sp-global-spgi-stock-rises-264-year-to-date-heres-why,0.0,0.6369
SPGI,2020-09-07,Why Should You Hold S&P Global (SPGI) in Your Portfolio?,https://cdn.snapi.dev/images/v1/f/x/business-services5.jpg,Zacks Investment Research,S&P Global (SPGI) is expected to continue benefiting from revenue strength and cost-reduction initiatives.,https://www.zacks.com/stock/news/1054430/why-should-you-hold-sp-global-spgi-in-your-portfolio,0.0,0.4939
SPGI,2020-09-03,S&P Global Market Intelligence Becomes Exclusive Provider of Citigroup Aftermarket Research,https://cdn.snapi.dev/images/v1/v/v/press6-4.jpg,PRNewsWire,"NEW YORK, Sept. 3, 2020 /PRNewswire/ -- S&P Global Market Intelligence announced today that investment research from Citigroup (Citi), consistently ranked among the top 3 research firms in the world, will be available exclusively on an embargoed basis to S&P Global Market Intelligence.",https://www.prnewswire.com/news-releases/sp-global-market-intelligence-becomes-exclusive-provider-of-citigroup-aftermarket-research-301123926.html,0.5574,0.7906
SPGI,2020-09-01,Comparing the 2 Big Ratings Agencies: Moody's and S&P Global,https://cdn.snapi.dev/images/v1/a/d/adasads2-13.jpg,GuruFocus,"In response to my recent discussion of Moody's Corp. (NYSE:MCO), reader Kenny asked how it would measure up against the other major ratings company, S&P Global Inc.",https://www.gurufocus.com/news/1223579/comparing-the-2-big-ratings-agencies-moodys-and-sp-global,0.0,0.0
SPGI,2020-09-01,How S&P Global Benefited from the COVID-19 Crash,https://cdn.snapi.dev/images/v1/l/l/urlhttps3a2f2fgfoolcdncom2feditorial2fimages2f5890002fcorporate-stock-certificatesjpgw700opresize.jpg,The Motley Fool,S&P Global's business became more important for its customers during the COVID-19 market crash.,https://www.fool.com/investing/2020/09/01/how-sp-global-benefited-from-the-covid-crash/,-0.4019,-0.1548
SPGI,2020-08-31,New S&P Global ESG and TCFD Reports Highlight Company's Progress on Sustainability Commitments,https://cdn.snapi.dev/images/v1/p/q/press17-3.jpg,PRNewsWire,"NEW YORK, Aug. 31, 2020 /PRNewswire/ -- As part of its commitment to a more sustainable future, S&P Global (NYSE: SPGI) released its 2019 Environmental, Social and Governance (ESG) Report, highlighting significant sustainability-related accomplishments and targets for employees,.",https://www.prnewswire.com/news-releases/new-sp-global-esg-and-tcfd-reports-highlight-companys-progress-on-sustainability-commitments-301121004.html,0.6908,0.5267
SPGI,2020-08-27,Why Is S&P Global (SPGI) Up 1.3% Since Last Earnings Report?,https://cdn.snapi.dev/images/v1/l/j/business-services7.jpg,Zacks Investment Research,S&P Global (SPGI) reported earnings 30 days ago. What's next for the stock?,https://www.zacks.com/stock/news/1048091/why-is-sp-global-spgi-up-13-since-last-earnings-report,0.0,0.0
SPGI,2020-08-20,S&P Global (SPGI) Hits 52-Week High: What's Driving It?,https://cdn.snapi.dev/images/v1/p/w/bussines-services10.jpg,Zacks Investment Research,"S&P Global (SPGI) stock has been benefiting from consecutive better-than-expected top- and bottom-line performances, encouraging yearly EPS guidance and contributions from acquisitions.",https://www.zacks.com/stock/news/1044669/sp-global-spgi-hits-52-week-high-whats-driving-it,0.0,0.6369
SPGI,2020-08-19,Top Dividend Stocks For August,https://cdn.snapi.dev/images/v1/3/z/top-dividend-stocks-for-august.jpg,Forbes,"If you're looking to protect your income, dividend stocks are the way to go. Our deep learning algorithms and Artificial Intelligence (""AI"") technology has gone through some data to provide you with the Top Dividend Stocks to invest in with your portfolio.",https://www.forbes.com/sites/qai/2020/08/19/top-dividend-stocks-for-august/,0.2023,0.7579
SPGI,2020-08-17,"S&P Global Announces Expiration of Tender Offer for Any and All of Its Outstanding 4.400% Senior Notes Due 2026, 6.550% Senior Notes Due 2037 and 4.500% Senior Notes due 2048",https://cdn.snapi.dev/images/v1/w/0/press3.jpg,PRNewsWire,"NEW YORK, Aug. 17, 2020 /PRNewswire/ -- S&P Global (NYSE: SPGI) (the ""Company"") announced today that the previously announced cash tender offer by the Company for any and all of its outstanding 4.400% Senior Notes due 2026 (the ""2026 Notes""), its 6.550% Senior Notes due 2037 (the ""2037.",https://www.prnewswire.com/news-releases/sp-global-announces-expiration-of-tender-offer-for-any-and-all-of-its-outstanding-4-400-senior-notes-due-2026--6-550-senior-notes-due-2037-and-4-500-senior-notes-due-2048--301113062.html,0.6124,0.6124
SPGI,2020-08-14,"S&P Global Announces Pricing of Tender Offer for Any and All of Its Outstanding 4.400% Senior Notes Due 2026, 6.550% Senior Notes due 2037 and 4.500% Senior Notes due 2048",https://cdn.snapi.dev/images/v1/o/k/press2.jpg,PRNewsWire,"NEW YORK, Aug. 14, 2020 /PRNewswire/ -- S&P Global (NYSE: SPGI) (the ""Company"") announced today that it has priced the previously announced cash tender offer for any and all of its outstanding 4.400% Senior Notes due 2026, 6.550% Senior Notes due 2037 and 4.500% Senior Notes due 2048.",https://www.prnewswire.com/news-releases/sp-global-announces-pricing-of-tender-offer-for-any-and-all-of-its-outstanding-4-400-senior-notes-due-2026--6-550-senior-notes-due-2037-and-4-500-senior-notes-due-2048--301112650.html,0.6124,0.6124
SPGI,2020-08-13,S&P Global Announces Redemption of Its Outstanding 4.400% Senior Notes Due 2026,https://cdn.snapi.dev/images/v1/1/s/press20.jpg,PRNewsWire,"NEW YORK, Aug. 13, 2020 /PRNewswire/ -- S&P Global (NYSE: SPGI) (the ""Company"") announced today that it intends to give, following today's anticipated closing of the previously announced sale of the Company's 1.250% senior notes due 2030 and 2.300% senior notes due 2060, notice of its.",https://www.prnewswire.com/news-releases/sp-global-announces-redemption-of-its-outstanding-4-400-senior-notes-due-2026--301111879.html,0.6124,0.0
SPGI,2020-08-12,Top Value Stocks For August,https://cdn.snapi.dev/images/v1/l/c/top-value-stocks-for-august.jpg,Forbes,Investors have preferred the equity markets as other assets like the U.S. Treasuries and gold seem to be falling out of favor.,https://www.forbes.com/sites/qai/2020/08/12/top-value-stocks/,0.4939,0.7351
SPGI,2020-08-10,"S&P Global Announces Pricing of Public Offering of $600,000,000 Senior Notes due 2030 and $700,000,000 Senior Notes due 2060",https://cdn.snapi.dev/images/v1/o/l/press20-2.jpg,PRNewsWire,"NEW YORK, Aug. 10, 2020 /PRNewswire/ -- S&P Global (NYSE: SPGI) (the ""Company"") today announced that it has priced a public offering of $600,000,000 aggregate principal amount of 1.250% senior notes due 2030 and $700,000,000 aggregate principal amount of 2.300% senior notes due 2060.",https://www.prnewswire.com/news-releases/sp-global-announces-pricing-of-public-offering-of-600-000-000-senior-notes-due-2030-and-700-000-000-senior-notes-due-2060--301109493.html,0.0,0.0
SPGI,2020-08-10,"S&P Global to Present at the UBS Financial Services Virtual Conference on August 12, 2020",https://cdn.snapi.dev/images/v1/8/h/press19-2.jpg,PRNewsWire,"NEW YORK, Aug. 10, 2020 /PRNewswire/ -- John Berisford, President of S&P Global Ratings, a division of S&P Global (NYSE: SPGI), will present at the UBS Financial Services Virtual Conference on August 12.",https://www.prnewswire.com/news-releases/sp-global-to-present-at-the-ubs-financial-services-virtual-conference-on-august-12-2020-301109149.html,0.0,0.0
SPGI,2020-08-10,S&P Global Announces Public Offering of Senior Notes,https://cdn.snapi.dev/images/v1/u/m/press13-3.jpg,PRNewsWire,"NEW YORK, Aug. 10, 2020 /PRNewswire/ -- S&P Global (NYSE: SPGI) (the ""Company"") today announced that it is commencing an underwritten public offering, subject to market conditions, of two tranches of senior notes.",https://www.prnewswire.com/news-releases/sp-global-announces-public-offering-of-senior-notes-301109079.html,0.0,0.0
SPGI,2020-08-03,S&P Global Platts Launches Oil Fundamental Data APIs to Digitize Commodity Markets,https://cdn.snapi.dev/images/v1/t/q/press6-5.jpg,PRNewsWire,"LONDON, Aug. 3, 2020 /PRNewswire/ -- S&P Global Platts (""Platts""), the leading independent provider of information and benchmark prices for the commodities and energy markets, today unveiled oil fundamental content from S&P Global Platts Analytics on the redesigned S&P Global Platts.",https://www.prnewswire.com/news-releases/sp-global-platts-launches-oil-fundamental-data-apis-to-digitize-commodity-markets-301104257.html,0.0,0.2732
SPGI,2020-08-03,An Accommodative Federal Reserve Helps Drive Higher Earnings for S&P Global,https://cdn.snapi.dev/images/v1/t/b/asset-management47.jpg,The Motley Fool,The ratings agency is riding high on a massive corporate refinancing wave.,https://www.fool.com/investing/2020/08/01/federal-reserve-helps-higher-earnings-sp-global.aspx,0.3818,0.0
SPGI,2020-07-29,Why S&P Global's Stock Is Trading Higher Today,https://cdn.snapi.dev/images/v1/y/6/stock-1863880-1920-59.jpg,Benzinga,S&P Global (NYSE: SPGI) shares are trading higher on Wednesday amid market strength and after analysts at multiple firms raised their price targets on the stock.,https://www.benzinga.com/news/earnings/20/07/16835781/why-s-p-globals-stock-is-trading-higher-today,0.0,0.6597
SPGI,2020-07-28,S&P Global Inc. (SPGI) CEO Doug Peterson on Q2 2020 Results - Earnings Call Transcript,https://cdn.snapi.dev/images/v1/g/h/transcript30.jpg,Seeking Alpha,S&P Global Inc. (SPGI) CEO Doug Peterson on Q2 2020 Results - Earnings Call Transcript,https://seekingalpha.com/article/4361516-s-and-p-global-inc-spgi-ceo-doug-peterson-on-q2-2020-results-earnings-call-transcript,0.0,0.0
SPGI,2020-07-28,"S&P Global (SPGI) Beats Q2 Earnings Estimates, Ups EPS View",https://cdn.snapi.dev/images/v1/r/1/business-services2.jpg,Zacks Investment Research,S&P Global's (SPGI) second-quarter 2020 earnings improve on the back of revenue growth in S&P Global Ratings and reduced expenses from COVID-19 related management actions.,https://www.zacks.com/stock/news/1017570/sp-global-spgi-beats-q2-earnings-estimates-ups-eps-view,0.0,0.6705
SPGI,2020-07-28,S&P Global: Q2 Earnings Insights,https://cdn.snapi.dev/images/v1/m/p/business-services8.jpg,Benzinga,  Shares of S&P Global (NYSE:SPGI) decreased 0.9% after the company reported Q2 results.,https://www.benzinga.com/news/earnings/20/07/16807878/s-p-global-q2-earnings-insights,0.0,0.296
SPGI,2020-07-28,S&P Global (SPGI) Surpasses Q2 Earnings and Revenue Estimates,https://cdn.snapi.dev/images/v1/r/d/business-services6.jpg,Zacks Investment Research,"S&P Global (SPGI) delivered earnings and revenue surprises of 23.19% and 7.56%, respectively, for the quarter ended June 2020. Do the numbers hold clues to what lies ahead for the stock?",https://www.zacks.com/stock/news/1017183/sp-global-spgi-surpasses-q2-earnings-and-revenue-estimates,0.0,0.128
SPGI,2020-07-28,S&P Global Revenue Increased 14% In Second Quarter,https://cdn.snapi.dev/images/v1/f/f/press2.jpg,PRNewsWire,"NEW YORK, July 28, 2020 /PRNewswire/ -- S&P Global (NYSE: SPGI) today reported second quarter 2020 results with revenue of $1,943 million, an increase of 14% compared to the same period last year. Net income increased 43% to $792 million and diluted earnings per share increased 46% to.",https://www.prnewswire.com/news-releases/sp-global-revenue-increased-14-in-second-quarter-301101048.html,0.2732,0.7717
SPGI,2020-07-27,Diamond Foundry: S&P Global Diamond Mining Impact Study is Misleading Millions of Consumers,https://cdn.snapi.dev/images/v1/1/0/press16.jpg,PRNewsWire,"SAN FRANCISCO, July 27, 2020 /PRNewswire/ -- An S&P Global ""TruCost"" study, paid for by the Natural Diamond Council, the association of diamond miners, used misleading data and math in a study meant to cast aspersions on the environmental benefits of man-made diamonds, according to.",https://www.prnewswire.com/news-releases/diamond-foundry-sp-global-diamond-mining-impact-study-is-misleading-millions-of-consumers-301100429.html,0.2732,0.7351
SPGI,2020-07-27,Is a Surprise Coming for S&P Global (SPGI) This Earnings Season?,https://cdn.snapi.dev/images/v1/f/b/bussines-services9.jpg,Zacks Investment Research,S&P Global (SPGI) is seeing favorable earnings estimate revision activity and has a positive Zacks Earnings ESP heading into earnings season.,https://www.zacks.com/stock/news/1016043/is-a-surprise-coming-for-sp-global-spgi-this-earnings-season,0.2732,0.7717
SPGI,2020-07-24,S&P Global Market Intelligence Bolsters Aftermarket Offering with addition of Credit Suisse Research,https://cdn.snapi.dev/images/v1/x/8/press4-2.jpg,PRNewsWire,"NEW YORK, July 24, 2020 /PRNewswire/ -- S&P Global Market Intelligence announces that equity research from Credit Suisse, ranked among the top research firms in the world, is now available on the Market Intelligence platform. With more than 200 research analysts, Credit Suisse covers.",https://www.prnewswire.com/news-releases/sp-global-market-intelligence-bolsters-aftermarket-offering-with-addition-of-credit-suisse-research-301099421.html,0.6908,0.9042
SPGI,2020-07-23,Is a Beat in the Cards for S&P Global (SPGI) in Q2 Earnings?,https://cdn.snapi.dev/images/v1/t/t/business-services5.jpg,Zacks Investment Research,"S&P Global's (SPGI) second-quarter 2020 revenues are likely to have benefited from strength across all segments, namely Ratings, Market Intelligence, Platts and S&P Dow Jones Indices.",https://www.zacks.com/stock/news/1012707/is-a-beat-in-the-cards-for-sp-global-spgi-in-q2-earnings,0.0,0.743
SPGI,2020-07-22,Top Value Stocks For July,https://cdn.snapi.dev/images/v1/h/8/top-value-stocks-for-july.jpg,Forbes,Value stocks have been out of favor for a while – unless you know where to look. Our deep learning algorithms have been paired with our AI technology to identify the Top Quality Value stocks for July.,https://www.forbes.com/sites/qai/2020/07/22/top-value-stocks/,0.4939,0.8074
SPGI,2020-07-21,S&P Global (SPGI) Earnings Expected to Grow: What to Know Ahead of Next Week's Release,https://cdn.snapi.dev/images/v1/j/c/business-services1.jpg,Zacks Investment Research,S&P Global (SPGI) possesses the right combination of the two key ingredients for a likely earnings beat in its upcoming report. Get prepared with the key expectations.,https://www.zacks.com/stock/news/1010666/sp-global-spgi-earnings-expected-to-grow-what-to-know-ahead-of-next-weeks-release,0.0,0.2263
SPGI,2020-07-16,S&P Global (SPGI) Touches 52-Week High: What's Driving It?,https://cdn.snapi.dev/images/v1/x/1/business-services5.jpg,Zacks Investment Research,"Consecutive better-than-expected top- and bottom-line performances, rising demand for business information services and contributions from acquisitions have been aiding S&P Global (SPGI) stock.",https://www.zacks.com/stock/news/1006434/sp-global-spgi-touches-52-week-high-whats-driving-it,0.0,0.0772
SPGI,2020-07-15,"Credit downgrades reached a high in the second quarter, with 'junk' rated companies hurt the most--S&P Global Ratings",https://cdn.snapi.dev/images/v1/c/r/asset-management20-5.jpg,Market Watch,"S&P Global Ratings said Wednesday that U.S. corporate credit downgrades reached a high of 414 during the second quarter, as the ""sudden-stop"" U.S.",https://www.marketwatch.com/story/credit-downgrades-reached-a-high-in-the-second-quarter-with-junk-rated-companies-hurt-the-most--sp-global-ratings-2020-07-15,-0.1027,0.4588
SPGI,2020-07-10,Don’t Fret 2Q Earnings: This S&P 500 Will Continue To Rise,https://cdn.snapi.dev/images/v1/a/c/dont-fret-2q-earnings-this-sp-500-will-continue-to-rise.jpg,Forbes,"The precipitous fall expected in 2Q20 earnings significantly understates the true, core earnings of U.S. companies.",https://www.forbes.com/sites/greatspeculations/2020/07/10/dont-fret-2q-earnings-this-sp-500-will-continue-to-rise/,0.0,0.4215
SPGI,2020-07-09,S&P Global (SPGI) Is Up 3.62% in One Week: What You Should Know,https://cdn.snapi.dev/images/v1/n/b/bussines-services9.jpg,Zacks Investment Research,Does S&P Global (SPGI) have what it takes to be a top stock pick for momentum investors? Let's find out.,https://www.zacks.com/stock/news/1001067/sp-global-spgi-is-up-362-in-one-week-what-you-should-know,0.0,0.2023
SPGI,2020-07-08,S&P Global Is a Financial Stock You Should Know,https://cdn.snapi.dev/images/v1/p/z/urlhttps3a2f2fgfoolcdncom2feditorial2fimages2f5812352fgettyimages-1150894157jpgw700opresize.jpg,The Motley Fool,"With a 28% year-to-date return, S&P Global has shown its ability to navigate the market's ups and downs.",https://www.fool.com/investing/2020/07/08/sp-global-is-a-financial-stock-you-should-know.aspx,0.0,0.3182
SPGI,2020-07-08,S&P Global (SPGI) Announces Launch of RiskGauge Reports,https://cdn.snapi.dev/images/v1/r/2/business-services5-2.jpg,Zacks Investment Research,S&P Global's (SPGI) new credit analytics offering provides credit risk view of more than 50 million companies globally.,https://www.zacks.com/stock/news/999849/sp-global-spgi-announces-launch-of-riskgauge-reports,0.0,0.4767
SPGI,2020-07-07,S&P Global: The Case For New Highs,https://cdn.snapi.dev/images/v1/o/s/business-services2.jpg,Seeking Alpha,S&P Global: The Case For New Highs,https://seekingalpha.com/article/4357263-s-and-p-global-case-for-new-highs,0.0,0.0
SPGI,2020-07-07,3 Best-Performing Dividend Aristocrats in the First Half of 2020: Are They Buys Now?,https://cdn.snapi.dev/images/v1/r/u/urlhttps3a2f2fgfoolcdncom2feditorial2fimages2f5400802frising-stock-chartjpgw700opresize.jpg,The Motley Fool,Exceptional dividend track records. Exceptional stock performances in the first six months of the year.,https://www.fool.com/investing/2020/07/07/3-best-performing-dividend-aristocrats-in-the-firs.aspx,0.0,0.0
SPGI,2020-07-02,S&P Global Platts Launches R-PET Price Assessments for Asia,https://cdn.snapi.dev/images/v1/v/l/business-services6.jpg,Zacks Investment Research,The new FOB Southeast Asia R-PET assessment completes S&P Global (SPGI) Platts' global coverage for R-PET.,https://www.zacks.com/stock/news/996870/sp-global-platts-launches-r-pet-price-assessments-for-asia,0.0,0.0
SPGI,2020-07-01,S&P Global Adds Jet Fuel Price Information to MySky Platform,https://cdn.snapi.dev/images/v1/h/u/business-services2.jpg,Zacks Investment Research,Addition of S&P Global's comprehensive database of global jet fuel price assessments to MySky Platform is expected enable industry suppliers precisely benchmark fuel costs.,https://www.zacks.com/stock/news/996003/sp-global-adds-jet-fuel-price-information-to-mysky-platform,0.0,0.25
SPGI,2020-06-29,Here is Why Growth Investors Should Buy S&P Global (SPGI) Now,https://cdn.snapi.dev/images/v1/f/d/business-services8.jpg,Zacks Investment Research,S&P Global (SPGI) could produce exceptional returns because of its solid growth attributes.,https://www.zacks.com/stock/news/994767/here-is-why-growth-investors-should-buy-sp-global-spgi-now,0.3818,0.4939
SPGI,2020-06-11,Turn Tough Times Into Good Ones Like S&P Global's Doug Peterson,https://cdn.snapi.dev/images/v1/j/3/business-services1-2.jpg,Investors Business Daily,"Doug Peterson, the S&P Global CEO, keeps finding himself in crisis. And he's turned leading out of them into an art form — a skill that's served him well.",https://www.investors.com/news/management/leaders-and-success/sp-global-ceo-douglas-peterson-loves-good-challenge/,0.5994,-0.4588
SPGI,2020-06-05,"S&P Global Platts: Believe OPEC+ will agree to extend production cuts, which will keep the market ti",https://cdn.snapi.dev/images/v1/w/u/sp-global-platts-believe-opec-will-agree-to-extend-production-cuts-which-will-keep-the-market-ti.jpg,CNBC Television,"Chris Midgley, head of global analytics at S&P Global Platts, discusses the issues OPEC and other major producers have to tackle before reached a deal to extend their record output cuts, including convincing countries such as Iraq to come into compliance.",https://www.youtube.com/watch?v=td65Toaojqk,0.25,0.3818
SPGI,2020-06-04,"S&P Global to Present at Morgan Stanley's Virtual U.S. Financials Conference on June 9, 2020",https://cdn.snapi.dev/images/v1/a/c/press4.jpg,PRNewsWire,"NEW YORK, June 4, 2020 /PRNewswire/ -- Martina Cheung, President of S&P Global Market Intelligence, a division of S&P Global (NYSE: SPGI), will present at Morgan Stanley's Virtual U.S. Financials Conference on June 9 from 1:00 p.m. to 1:30 p.m. (Eastern Daylight Time). The ""fireside chat""...",https://www.prnewswire.com/news-releases/sp-global-to-present-at-morgan-stanleys-virtual-us-financials-conference-on-june-9-2020-301070915.html,0.0,0.4767
SPGI,2020-06-04,Compliance is key to OPEC's credibility: S&P Global Platts,https://cdn.snapi.dev/images/v1/r/b/compliance-is-key-to-opecs-credibility-sp-global-platts.jpg,CNBC International TV,"Herman Wang from S&P Global Platts goes through what to expect from OPEC's upcoming meeting, and what's next for oil prices.",https://www.youtube.com/watch?v=4o4Dp4bp9O0,0.0,0.0
SPGI,2020-06-02,"S&P Global to Present at the Stifel 2020 Virtual Cross Sector Insight Conference on June 8, 2020",https://cdn.snapi.dev/images/v1/h/1/press15.jpg,PRNewsWire,"NEW YORK, June 2, 2020 /PRNewswire/ -- Douglas L. Peterson, President and Chief Executive Officer of S&P Global (NYSE: SPGI) is scheduled to speak at the Stifel 2020 Virtual Cross Sector Insight Conference on June 8 from 10:40 a.m. to 11:10 a.m. (Eastern Daylight Time). The ""fireside...",https://www.prnewswire.com/news-releases/sp-global-to-present-at-the-stifel-2020-virtual-cross-sector-insight-conference-on-june-8-2020-301069189.html,0.0,0.0
SPGI,2020-06-02,Now's the Time to Buy These Stocks,https://cdn.snapi.dev/images/v1/s/s/urlhttps3a2f2fgfoolcdncom2feditorial2fimages2f5372922fstacks-of-coins-and-arrows-risingjpgw700opresize.jpg,The Motley Fool,These top picks have low prices and good prospects to outperform the broader market over the long term.,https://www.fool.com/investing/2020/06/02/nows-the-time-to-buy-these-stocks.aspx,0.0,0.5859
SPGI,2020-05-28,Why Is S&P Global (SPGI) Up 7.1% Since Last Earnings Report?,https://cdn.snapi.dev/images/v1/u/l/business-services2.jpg,Zacks Investment Research,S&P Global (SPGI) reported earnings 30 days ago. What's next for the stock?,https://www.zacks.com/stock/news/949473/why-is-sp-global-spgi-up-71-since-last-earnings-report,0.0,0.0
SPGI,2020-05-20,S&P Global (SPGI) Stock Rises 43.4% in a Year: Here's Why,https://cdn.snapi.dev/images/v1/f/0/business-services5-2.jpg,Zacks Investment Research,"Consecutive better-than-expected top- and bottom-line performances, rising demand for business information services and contributions from acquisitions have been aiding S&P Global (SPGI) stock.",https://www.zacks.com/stock/news/934900/sp-global-spgi-stock-rises-434-in-a-year-heres-why,0.0,0.0772
SPGI,2020-05-20,S&P Global Platts discusses the outlook for the shale industry,https://cdn.snapi.dev/images/v1/p/5/sp-global-platts-discusses-the-outlook-for-the-shale-industry.jpg,CNBC International TV,"Kang Wu of S&P Global Platts says the longer-term damage to the shale industry ""has been done already,""with a decline in production stateside expected to continue until the world oil market ""returns to full normalization.",https://www.youtube.com/watch?v=FG1PLevObtg,0.0,-0.4939
SPGI,2020-05-18,S&P Global Launches ESG Scores Based on 20 Years of SAM Corporate Sustainability Assessment Data,https://cdn.snapi.dev/images/v1/r/7/press6.jpg,PRNewsWire,"NEW YORK, May 18, 2020 /PRNewswire/ -- S&P Global (NYSE: SPGI) announced today the launch of the proprietary S&P Global ESG Scores with coverage of more than 7,300 companies, representing 95% of global market capitalization. S&P Global ESG Scores are based on the globally recognized SAM...",https://www.prnewswire.com/news-releases/sp-global-launches-esg-scores-based-on-20-years-of-sam-corporate-sustainability-assessment-data-301060637.html,0.0,0.0
SPGI,2020-05-15,A Wave of Downgrades for Big Oil's Credit,https://cdn.snapi.dev/images/v1/g/e/urlhttps3a2f2fgfoolcdncom2feditorial2fimages2f5663302fan-oil-field-at-sunsetjpgw700opresize.jpg,The Motley Fool,Which companies are getting hit with a downgrade? And which aren't.,https://www.fool.com/investing/2020/05/15/credit-ratings-downgrades-in-the-energy-industry.aspx,0.3818,0.0
SPGI,2020-05-14,S&P Global CEO breaks down how the corporate debt market operates,https://cdn.snapi.dev/images/v1/1/w/sp-global-ceo-breaks-down-how-the-corporate-debt-market-operates.jpg,CNBC Television,S&P Global CEO Doug Peterson explained why the market is defined by liquidity and the rating agency is seeing heavy demand for research.,https://www.youtube.com/watch?v=0rjgHCE4sXc,-0.3612,-0.128
SPGI,2020-05-14,Kensho Collaborates with NVIDIA to Advance Automatic Speech Recognition,https://cdn.snapi.dev/images/v1/p/r/press11-4.jpg,PRNewsWire,"NEW YORK, May 14, 2020 /PRNewswire/ -- Kensho, an S&P Global (NYSE: SPGI) company, introduced Scribe, an end-to-end speech recognition solution specifically optimized for the finance and business community. Scribe leverages the latest deep learning techniques to process more audio in less...",https://www.prnewswire.com/news-releases/kensho-collaborates-with-nvidia-to-advance-automatic-speech-recognition-301059834.html,0.0,0.6486
SPGI,2020-05-06,S&P Global Lowers 13 Banks' Outlook on Coronavirus Concerns,https://cdn.snapi.dev/images/v1/r/s/business-services2.jpg,Zacks Investment Research,"Coronavirus-induced economic slowdown significantly hurt banks' asset quality. As a result, S&P Global Ratings lowers the banks' outlooks to negative.",https://www.zacks.com/stock/news/915947/sp-global-lowers-13-banks-outlook-on-coronavirus-concerns,-0.128,-0.7269
SPGI,2020-05-06,3 Best-Performing Dividend Aristocrats of 2020 So Far,https://cdn.snapi.dev/images/v1/t/y/urlhttps3a2f2fgfoolcdncom2feditorial2fimages2f5717612fcrown-on-top-of-pile-of-cashjpgw700opresize.jpg,The Motley Fool,Can their momentum continue?,https://www.fool.com/investing/2020/05/06/3-best-performing-dividend-aristocrats-of-2020-so.aspx,0.0,0.0
SPGI,2020-05-04,"2020 May Be Rough, But S&P Global Is Worth The Wait",https://cdn.snapi.dev/images/v1/b/z/sp00-1.jpg,Seeking Alpha,"2020 May Be Rough, But S&P Global Is Worth The Wait",https://seekingalpha.com/article/4342574-2020-may-be-rough-s-and-p-global-is-worth-wait,0.2263,0.2263
SPGI,2020-05-04,"Oil, Covid-19 shock will not be a capital event for GCC banks: S&P Global Ratings",https://cdn.snapi.dev/images/v1/8/i/oil-covid-19-shock-will-not-be-a-capital-event-for-gcc-banks-sp-global-ratings.jpg,CNBC International TV,"Given the ""strong profitability"" of banks in the Gulf Cooperation Council countries, the oil price shock and the coronavirus pandemic are unlikely to deplete their capital base, says Mohamed Damak of S&P Global Ratings.",https://www.youtube.com/watch?v=o8uM8Yo_Aok,-0.3818,0.4215
SPGI,2020-05-01,Is S&P Global Stock a Buy?,https://cdn.snapi.dev/images/v1/0/f/urlhttps3a2f2fgfoolcdncom2feditorial2fimages2f5691532ffinancial-data-abstract-elmt9l7jpgw700opresize.jpg,The Motley Fool,The stock will hold up better than the rest of the financial sector to the challenges brought on by the coronavirus pandemic.,https://www.fool.com/investing/2020/05/01/is-sp-global-stock-a-buy.aspx,0.0,0.4939
SPGI,2020-04-29,"S&P Global Stock Rises on Its First-Quarter Earnings Beat, Despite a Guidance Trim",https://cdn.snapi.dev/images/v1/w/3/urlhttps3a2f2fgfoolcdncom2feditorial2fimages2f5702822fa-stock-market-trading-graphjpgw700opresize.jpg,The Motley Fool,A dramatic rise in debt issuance helped propel the financial information and analytics company's profits above analysts' estimates.,https://www.fool.com/investing/2020/04/29/sp-global-stock-rises-on-its-first-quarter-earning.aspx,0.0,0.1027
SPGI,2020-04-28,S&P Global Inc. (SPGI) CEO Doug Peterson on Q1 2020 Results - Earnings Call Transcript,https://cdn.snapi.dev/images/v1/7/y/transcript39-3.jpg,Seeking Alpha,S&P Global Inc. (SPGI) CEO Doug Peterson on Q1 2020 Results - Earnings Call Transcript,https://seekingalpha.com/article/4340661-s-and-p-global-inc-spgi-ceo-doug-peterson-on-q1-2020-results-earnings-call-transcript,0.0,0.0
SPGI,2020-04-28,"S&P Global (SPGI) Beats on Q1 Earnings, Lowers EPS View",https://cdn.snapi.dev/images/v1/e/8/business-services6.jpg,Zacks Investment Research,"S&P Global's (SPGI) first-quarter 2020 earnings improve on the back of revenue growth, benefits of productivity initiatives and reduced business travel.",https://www.zacks.com/stock/news/894217/sp-global-spgi-beats-on-q1-earnings-lowers-eps-view,-0.128,0.7964
SPGI,2020-04-28,S&P Global (SPGI) Q1 Earnings and Revenues Surpass Estimates,https://cdn.snapi.dev/images/v1/8/m/business-services4-2.jpg,Zacks Investment Research,"S&P Global (SPGI) delivered earnings and revenue surprises of 15.68% and 4.57%, respectively, for the quarter ended March 2020. Do the numbers hold clues to what lies ahead for the stock?",https://www.zacks.com/stock/news/893818/sp-global-spgi-q1-earnings-and-revenues-surpass-estimates,0.0,0.128
SPGI,2020-04-27,"Business Services Apr 28 Earnings Rooster: SPGI, IQV & More",https://cdn.snapi.dev/images/v1/5/g/bank39.jpg,Zacks Investment Research,Here's a sneak peek of how four business service stocks are placed prior to the respective earnings releases on Apr 28.,https://www.zacks.com/stock/news/891310/business-services-apr-28-earnings-rooster-spgi-iqv-more,0.0,0.4215
SPGI,2020-04-24,What's in the Cards for S&P Global (SPGI) in Q1 Earnings?,https://cdn.snapi.dev/images/v1/s/m/business-services5.jpg,Zacks Investment Research,"S&P Global's (SPGI) first-quarter 2020 revenues are likely to have benefited from strength across all segments, namely Ratings, Market Intelligence, Platts and S&P Dow Jones Indices.",https://www.zacks.com/stock/news/887583/whats-in-the-cards-for-sp-global-spgi-in-q1-earnings,0.0,0.743
SPGI,2020-04-20,S&P Global (SPGI) Stock Rises 30.1% in a Year: Here's Why,https://cdn.snapi.dev/images/v1/i/t/business-services7.jpg,Zacks Investment Research,"Consecutive better-than-expected top- and bottom-line performances, rising demand for business information services and contributions from acquisitions are driving S&P Global (SPGI) stock.",https://www.zacks.com/stock/news/880446/sp-global-spgi-stock-rises-301-in-a-year-heres-why,0.0,0.0772
SPGI,2020-04-13,10 S&P 500 Stocks to Buy Increasing Their Dividends in 2020,https://cdn.snapi.dev/images/v1/g/8/sp1600c-768x432.jpg,InvestorPlace,A number of S&P 500 companies have already increased their 2020 dividends by 10% or more. Here are 10 stocks to buy among this group.,https://investorplace.com/2020/04/10-sp-500-stocks-to-buy-increasing-their-dividends-in-2020/,0.0,0.34
SPGI,2020-03-27,6 Reasons Why You Should Buy S&P Global (SPGI) Stock Now,https://cdn.snapi.dev/images/v1/q/m/business-services6.jpg,Zacks Investment Research,"S&P Global (SPGI) looks strong on the back of strategic acquisitions, which have helped it innovate, increase differentiated content and develop new products.",https://www.zacks.com/stock/news/838440/6-reasons-why-you-should-buy-sp-global-spgi-stock-now,0.0,0.8316
SPGI,2020-03-17,Buy S&P Global While You Still Can,https://cdn.snapi.dev/images/v1/s/7/business-services1.jpg,Seeking Alpha,Buy S&P Global While You Still Can,https://seekingalpha.com/article/4332466-buy-s-and-p-global-while-you-still-can,0.0,0.0
SPGI,2020-03-11,S&P Global (SPGI) Stock Rises 31.2% in a Year: Here's Why,https://cdn.snapi.dev/images/v1/w/c/business-services6.jpg,Zacks Investment Research,"Consecutive better-than-expected top- and bottom-line performance, rising demand for business information services and contributions from acquisitions are driving S&P Global (SPGI) stock.",https://www.zacks.com/stock/news/807758/sp-global-spgi-stock-rises-312-in-a-year-heres-why,0.0,0.0772
SPGI,2020-03-09,Why Is S&P Global (SPGI) Down 8.3% Since Last Earnings Report?,https://cdn.snapi.dev/images/v1/4/a/business-services1.jpg,Zacks Investment Research,S&P Global (SPGI) reported earnings 30 days ago. What's next for the stock?,https://www.zacks.com/stock/news/801706/why-is-sp-global-spgi-down-83-since-last-earnings-report,0.0,0.0
SPGI,2020-02-20,S&P Global (SPGI) Is Up 4.12% in One Week: What You Should Know,https://cdn.snapi.dev/images/v1/o/e/bussines-services9.jpg,Zacks Investment Research,Does S&P Global (SPGI) have what it takes to be a top stock pick for momentum investors? Let's find out.,https://www.zacks.com/stock/news/775475/sp-global-spgi-is-up-412-in-one-week-what-you-should-know,0.0,0.2023
SPGI,2020-02-13,3 Reasons Why S&P Global (SPGI) Is a Great Growth Stock,https://cdn.snapi.dev/images/v1/e/c/business-services4.jpg,Zacks Investment Research,"S&P Global (SPGI) possesses solid growth attributes, which could help it handily outperform the market.",https://www.zacks.com/stock/news/764331/3-reasons-why-sp-global-spgi-is-a-great-growth-stock,0.7717,0.7096
SPGI,2020-02-06,S&P Global Inc. (SPGI) CEO Doug Peterson on Q4 2019 Results - Earnings Call Transcript,https://cdn.snapi.dev/images/v1/u/l/transcript28.jpg,Seeking Alpha,S&P Global Inc. (SPGI) CEO Doug Peterson on Q4 2019 Results - Earnings Call Transcript,https://seekingalpha.com/article/4322167-s-and-p-global-inc-spgi-ceo-doug-peterson-on-q4-2019-results-earnings-call-transcript,0.0,0.0
SPGI,2020-02-06,S&P Global (SPGI) Q4 Earnings & Revenues Beat Estimates,https://cdn.snapi.dev/images/v1/r/f/business-services8.jpg,Zacks Investment Research,S&P Global's (SPGI) fourth-quarter 2019 earnings improve on the back of revenue growth and benefits of productivity initiatives.,https://www.zacks.com/stock/news/752582/sp-global-spgi-q4-earnings-revenues-beat-estimates,0.0,0.7964
SPGI,2020-02-06,S&P Global (SPGI) Tops Q4 Earnings and Revenue Estimates,https://cdn.snapi.dev/images/v1/p/5/business-services6.jpg,Zacks Investment Research,"S&P Global (SPGI) delivered earnings and revenue surprises of 4.98% and 2.01%, respectively, for the quarter ended December 2019. Do the numbers hold clues to what lies ahead for the stock?",https://www.zacks.com/stock/news/752291/sp-global-spgi-tops-q4-earnings-and-revenue-estimates,0.5106,0.128
SPGI,2020-02-04,What's in the Cards for S&P Global's (SPGI) Q4 Earnings?,https://cdn.snapi.dev/images/v1/b/b/business-services7.jpg,Zacks Investment Research,"S&P Global's (SPGI) fourth-quarter 2019 revenues are likely to have benefited from strength across all segments, namely Ratings, Market Intelligence, Platts and S&P Dow Jones Indices.",https://www.zacks.com/stock/news/748863/whats-in-the-cards-for-sp-globals-spgi-q4-earnings,0.0,0.743
SPGI,2020-01-28,S&P Global (SPGI) is an Incredible Growth Stock: 3 Reasons Why,https://cdn.snapi.dev/images/v1/n/c/business-services6.jpg,Zacks Investment Research,"S&P Global (SPGI) is well positioned to outperform the market, as it exhibits above-average growth in financials.",https://www.zacks.com/stock/news/737134/sp-global-spgi-is-an-incredible-growth-stock-3-reasons-why,0.3818,0.5719
SPGI,2020-01-28,6 Top Large-Cap Stocks Set to Soar on Earnings Next Week,https://cdn.snapi.dev/images/v1/z/a/data-internet13.jpg,Zacks Investment Research,"In line with improving earnings results, six large-cap stocks are poised to beat earnings estimates next week.",https://www.zacks.com/stock/news/736369/6-top-large-cap-stocks-set-to-soar-on-earnings-next-week,0.2023,0.5859
SPGI,2020-01-27,6 Must-Buy Business Services Stocks Set to Beat on Q4 Earnings,https://cdn.snapi.dev/images/v1/l/i/data-internet5.jpg,Zacks Investment Research,"Fourth-quarter 2019 results so far have not been as disappointing as expected initially. However, overall earnings are still expected to dip.",https://www.zacks.com/stock/news/734545/6-must-buy-business-services-stocks-set-to-beat-on-q4-earnings,0.0,0.3875
SPGI,2020-01-24,What Makes S&P Global (SPGI) a Strong Momentum Stock: Buy Now?,https://cdn.snapi.dev/images/v1/p/n/business-services5.jpg,Zacks Investment Research,Does S&P Global (SPGI) have what it takes to be a top stock pick for momentum investors? Let's find out.,https://www.zacks.com/stock/news/731900/what-makes-sp-global-spgi-a-strong-momentum-stock-buy-now,0.5106,0.2023
SPGI,2020-01-21,Four  Business Services Stocks Set to Top Q4 Earnings Estimates,https://cdn.snapi.dev/images/v1/h/5/urlhttps3a2f2fgfoolcdncom2feditorial2fimages2f5166492fgettyimages-905612062.jpg,Zacks Investment Research,"The Business Services sector benefits from economic strength and stability, and robust service activities in the fourth quarter.",https://www.zacks.com/stock/news/727995/4-business-services-stocks-set-to-top-q4-earnings-estimates,0.2023,0.802
SPGI,2020-01-08,Here's Why Momentum Investors Will Love S&P Global (SPGI),https://cdn.snapi.dev/images/v1/p/3/business-services3.jpg,Zacks Investment Research,Does S&P Global (SPGI) have what it takes to be a top stock pick for momentum investors? Let's find out.,https://www.zacks.com/stock/news/708376/heres-why-momentum-investors-will-love-sp-global-spgi,0.6369,0.2023
SPGI,2020-01-07,Why the Earnings Surprise Streak Could Continue for S&P Global (SPGI),https://cdn.snapi.dev/images/v1/e/z/business-services2.jpg,Zacks Investment Research,S&P Global (SPGI) has an impressive earnings surprise history and currently possesses the right combination of the two key ingredients for a likely beat in its next quarterly report.,https://www.zacks.com/stock/news/706706/why-the-earnings-surprise-streak-could-continue-for-sp-global-spgi,0.2732,0.6597
SPGI,2020-01-06,S&P Global Touches a New 52-Week High: What's Aiding It?,https://cdn.snapi.dev/images/v1/8/n/etf40-5.jpg,Zacks Investment Research,"S&P Global (SPGI) stock benefits from consecutive better-than-expected top- and bottom-line performance, encouraging 2019 adjusted earnings per share guidance and acquisitions.",https://www.zacks.com/stock/news/704444/sp-global-touches-a-new-52-week-high-whats-aiding-it,0.0,0.8402
SPGI,2019-12-16,S&P Global CEO: Chinese financial markets will go through dramatic reforms,https://cdn.snapi.dev/images/v1/m/q/sp-global-ceo-chinese-financial-markets-will-go-through-dramatic-reforms.jpg,CNBC Television,Jim Cramer chats with S&P Global CEO Doug Peterson to get a read on the financial information and analytics company.,https://www.youtube.com/watch?v=T6LGtpTt6Qw,0.0,0.0
SPGI,2019-12-10,S&P Global to Benefit From 451 Research Buyout: Here's How,https://cdn.snapi.dev/images/v1/b/c/etf34.jpg,Zacks Investment Research,The acquisition enhances S&P Global's (SPGI) Market Intelligence division's research coverage and strengthens its emerging technology expertise and offerings.,https://www.zacks.com/stock/news/663629/sp-global-to-benefit-from-451-research-buyout-heres-how,0.4588,0.7269
SPGI,2019-12-09,S&P Global (SPGI) Hits New 52-Week High: What's Driving It?,https://cdn.snapi.dev/images/v1/z/7/business-services1.jpg,Zacks Investment Research,Encouraging adjusted earnings per share guidance for 2019 is driving S&P Global (SPGI) stock.,https://www.zacks.com/stock/news/661738/sp-global-spgi-hits-new-52-week-high-whats-driving-it,0.0,0.6808
SPGI,2019-12-05,S&P Global: Diversified Business With A Wide Moat,https://cdn.snapi.dev/images/v1/9/a/spg7.jpg,Seeking Alpha,S&P Global: Diversified Business With A Wide Moat,https://seekingalpha.com/article/4310938-s-and-p-global-diversified-business-wide-moat,0.0,0.0
SPGI,2019-11-28,S&P Global (SPGI) Up 4.3% Since Last Earnings Report: Can It Continue?,https://cdn.snapi.dev/images/v1/z/8/business-services8.jpg,Zacks Investment Research,S&P Global (SPGI) reported earnings 30 days ago. What's next for the stock?,https://www.zacks.com/stock/news/644973/sp-global-spgi-up-43-since-last-earnings-report-can-it-continue,0.0,0.0
SPGI,2019-11-20,"Soaring More Than 30%, These 3 Dividend Stocks Are Not Too Good to Be True",https://cdn.snapi.dev/images/v1/2/v/urlhttps3a2f2fgfoolcdncom2feditorial2fimages2f5480612fdividendsjpgw700opresize.jpg,The Motley Fool,Investors can earn both a good dividend and some capital appreciation with these stocks.,https://www.fool.com/investing/2019/11/20/soaring-more-than-30-these-3-dividend-stocks-are-n.aspx,0.1012,0.7351
SPGI,2019-11-13,S&P Global (SPGI) Stock Rises 50.1% Year to Date: Here's Why,https://cdn.snapi.dev/images/v1/h/l/business-services6.jpg,Zacks Investment Research,Increasing demand for business information services and an encouraging 2019 adjusted earnings guidance are driving S&P Global (SPGI) stock.,https://www.zacks.com/stock/news/617373/sp-global-spgi-stock-rises-501-year-to-date-heres-why,0.0,0.4404
SPGI,2019-11-06,US Service Sector Rebounds in October: 4 Top Picks,https://cdn.snapi.dev/images/v1/1/8/189.jpg,Zacks Investment Research,Progress in U.S.-China trade deal has paved way for the American service sector to pick up pace.,https://www.zacks.com/stock/news/606228/us-service-sector-rebounds-in-october-4-top-picks,0.2023,0.4215
SPGI,2019-11-04,5 Top Stocks to Gain From Robust October Jobs Data,https://cdn.snapi.dev/images/v1/g/z/fod922-1.jpg,Zacks Investment Research,"Strong job addition despite several headwinds, record-low unemployment and moderate growth in wage rate faded investors??? fears of a near-term recession.",https://www.zacks.com/stock/news/602170/5-top-stocks-to-gain-from-robust-october-jobs-data,0.765,-0.4836
SPGI,2019-10-31,13 Stocks With The Highest Returns On Equity,https://cdn.snapi.dev/images/v1/a/s/asset-management47.jpg,Benzinga,Return on equity is one of the most popular ways for investors to assess the efficiency of a business before they buy a stock.,https://www.benzinga.com/general/education/19/10/14694119/13-stocks-with-the-highest-returns-on-equity,0.0,0.6801
SPGI,2019-10-29,S&P Global Inc (SPGI) CEO Doug Peterson on Q3 2019 Results - Earnings Call Transcript,https://cdn.snapi.dev/images/v1/x/w/transcript39.jpg,Seeking Alpha,S&P Global Inc (SPGI) CEO Doug Peterson on Q3 2019 Results - Earnings Call Transcript,https://seekingalpha.com/article/4300166-s-and-p-global-inc-spgi-ceo-doug-peterson-q3-2019-results-earnings-call-transcript,0.0,0.0
SPGI,2019-10-29,"S&P Global (SPGI) Beats on Q3 Earnings, Ups '19 EPS View",https://cdn.snapi.dev/images/v1/t/y/business-services2.jpg,Zacks Investment Research,S&P Global's (SPGI) third-quarter 2019 earnings improve on the back of revenue growth and benefits of productivity initiatives.,https://www.zacks.com/stock/news/591183/sp-global-spgi-beats-on-q3-earnings-ups-19-eps-view,0.0,0.7964
SPGI,2019-10-29,S&P Global (SPGI) Q3 Earnings and Revenues Top Estimates,https://cdn.snapi.dev/images/v1/x/b/business-services5.jpg,Zacks Investment Research,"S&P Global (SPGI) delivered earnings and revenue surprises of 5.58% and 2.00%, respectively, for the quarter ended September 2019. Do the numbers hold clues to what lies ahead for the stock?",https://www.zacks.com/stock/news/590207/sp-global-spgi-q3-earnings-and-revenues-top-estimates,0.2023,0.128
SPGI,2019-10-28,5 High-Flying Business Service Stocks Set to Beat Q3 Earnings,https://cdn.snapi.dev/images/v1/c/a/management-marketing10.jpg,Zacks Investment Research,"Third-quarter 2019 results so far have not been as disappointing as expected initially. However, overall earnings are still expected to dip.",https://www.zacks.com/stock/news/588519/5-high-flying-business-service-stocks-set-to-beat-q3-earnings,0.0,0.3875
SPGI,2019-10-25,10 Stocks With The Highest Long-Term Debt Loads,https://cdn.snapi.dev/images/v1/l/r/western-union-schalter-am-hauptbahnhof-muenchen-1.jpg,Benzinga,Investors looking for stocks to buy should always take a look at debt loads to make sure they won’t get blindsided by balance sheet issues at some point down the line.,https://www.benzinga.com/top-stories/19/10/14663349/10-stocks-with-the-highest-long-term-debt-loads,-0.3612,-0.0516
SPGI,2019-10-23,4 Business Services Stocks Set to Top Q3 Earnings Estimates,https://cdn.snapi.dev/images/v1/e/g/business-services4.jpg,Zacks Investment Research,"Business services sector earnings are expected to benefit from economic strength and stability, robust service activities.",https://www.zacks.com/stock/news/578922/4-business-services-stocks-set-to-top-q3-earnings-estimates,0.2023,0.8225
SPGI,2019-10-01,"3 Big Stock Charts for Tuesday: AbbVie, S&P Global and FleetCor Technologies",https://cdn.snapi.dev/images/v1/3/i/asset-management20-5.jpg,InvestorPlace,A handful of names are taking on a more convincing shape than the broad market,https://investorplace.com/2019/10/3-big-stock-charts-for-tuesday-abbvie-sp-global-and-fleetcor-technologies/,0.0,0.4576
SPGI,2019-09-09,S&P Global (SPGI) Scales New 52-Week High: What's Driving It?,https://cdn.snapi.dev/images/v1/f/y/business-services2.jpg,Zacks Investment Research,Increasing demand for business information services and an encouraging 2019 adjusted earnings guidance are driving S&P Global (SPGI) stock.,https://www.zacks.com/stock/news/509373/sp-global-spgi-scales-new-52-week-high-whats-driving-it,0.0,0.4404
SPGI,2019-09-05,S&P Global's Platts Division Snaps Up Canadian Enerdata,https://cdn.snapi.dev/images/v1/o/x/sp00-1.jpg,Zacks Investment Research,The acquisition enhances S&P Global's (SPGI) Platts division's energy analytical capabilities and strengthens its foothold in North American natural gas market.,https://www.zacks.com/stock/news/502980/sp-globals-platts-division-snaps-up-canadian-enerdata,0.0,0.765
SPGI,2019-09-04,S&P Global: Great Outlook. Waiting For A Pullback,https://cdn.snapi.dev/images/v1/a/s/asset-management27.jpg,Seeking Alpha,"S&P Global has a recurring revenue profile and a diversified operation, greatly contributing to the company's financial health.",https://seekingalpha.com/article/4289670-s-and-p-global-great-outlook-waiting-pullback,0.6249,0.0
SPGI,2019-09-02,Why Is S&P Global (SPGI) Up 1.2% Since Last Earnings Report?,https://cdn.snapi.dev/images/v1/e/v/business-services1.jpg,Zacks Investment Research,S&P Global (SPGI) reported earnings 30 days ago. What's next for the stock?,https://www.zacks.com/stock/news/497278/why-is-sp-global-spgi-up-12-since-last-earnings-report,0.0,0.0
SPGI,2019-08-20,S&p Global Inc (SPGI) CEO & President Douglas L. Peterson Sold $1.5 million of Shares,https://cdn.snapi.dev/images/v1/g/u/business-services7.jpg,GuruFocus,"CEO & President of S&p Global Inc (30-Year Financial, Insider Trades) Douglas L. Peterson (insider trades) sold 6,000 shares of SPGI on 08/16/2019 at an average price of $254.83 a share.",https://www.gurufocus.com/news/932168/sp-global-inc-spgi-ceo--president-douglas-l-peterson-sold-15-million-of-shares,0.296,0.5267
SPGI,2019-08-02,S&P Global (SPGI) Is Up 1.84% in One Week: What You Should Know,https://cdn.snapi.dev/images/v1/i/3/business-services4.jpg,Zacks Investment Research,Does S&P Global (SPGI) have what it takes to be a top stock pick for momentum investors? Let's find out.,https://www.zacks.com/stock/news/457528/sampp-global-spgi-is-up-184-in-one-week-what-you-should-know,0.0,0.2023
SPGI,2019-08-01,S&P Global Inc. (SPGI) CEO Doug Peterson on Q2 2019 Results - Earnings Call Transcript,https://cdn.snapi.dev/images/v1/u/k/transcript48.jpg,Seeking Alpha,S&P Global Inc. (SPGI) CEO Doug Peterson on Q2 2019 Results - Earnings Call Transcript,https://seekingalpha.com/article/4280379-s-and-p-global-inc-spgi-ceo-doug-peterson-q2-2019-results-earnings-call-transcript?source=feed_sector_transcripts,0.0,0.0
SPGI,2019-08-01,"S&P Global (SPGI) Beats on Q2 Earnings, Ups '19 EPS View",https://cdn.snapi.dev/images/v1/g/j/spg7.jpg,Zacks Investment Research,S&P Global's (SPGI) second-quarter 2019 earnings benefit from revenue growth and benefits of productivity initiatives.,https://www.zacks.com/stock/news/455891/sp-global-spgi-beats-on-q2-earnings-ups-19-eps-view,0.0,0.802
SPGI,2019-08-01,S&P Global (SPGI) Q2 Earnings and Revenues Surpass Estimates,https://cdn.snapi.dev/images/v1/y/g/spglobal.jpg,Zacks Investment Research,"S&P Global (SPGI) delivered earnings and revenue surprises of 8.00% and 4.20%, respectively, for the quarter ended June 2019. Do the numbers hold clues to what lies ahead for the stock?",https://www.zacks.com/stock/news/455636/sampp-global-spgi-q2-earnings-and-revenues-surpass-estimates,0.0,0.128
SPGI,2019-07-31,Why S&P Global (SPGI) Might Surprise This Earnings Season,https://cdn.snapi.dev/images/v1/w/j/business-services4.jpg,Zacks Investment Research,S&P Global (SPGI) is seeing favorable earnings estimate revision activity and has a positive Zacks Earnings ESP heading into earnings season.,https://www.zacks.com/stock/news/454651/why-sp-global-spgi-might-surprise-this-earnings-season,0.2732,0.7717
SPGI,2019-06-26,"Final trades: Dropbox, S&P Global, Marathon Petroleum, Alibaba, & Ford",https://cdn.snapi.dev/images/v1/f/t/ftrr2.jpg,CNBC Television,"The ""Halftime Report"" traders give their top stocks to watch for the second half.",https://www.youtube.com/watch?v=w18b91geY5E,0.0,0.2023
SPGI,2019-06-11,"Three financials stocks to buy as big banks rally, investors say",https://cdn.snapi.dev/images/v1/e/t/etf17-31.jpg,CNBC,"Financials are surging for the second day in a row, coming back from their deep May sell-off. The rally is just getting started, says a technician.",https://www.cnbc.com/2019/06/11/three-financials-stocks-to-buy-as-big-banks-rally-investors-say.html,0.0,0.0
SPGI,2019-05-31,The Top 3 Dividend Aristocrats Over The Past 5 Years,https://cdn.snapi.dev/images/v1/k/f/business-services3.jpg,Seeking Alpha,These three Dividend Aristocrats had the best total returns over the past five years.,https://seekingalpha.com/article/4267254-top-3-dividend-aristocrats-past-5-years?source=feed,0.2023,0.6369
SPGI,2019-05-02,S&P Global Inc (SPGI) CEO Doug Peterson on Q1 2019 Results - Earnings Call Transcript,https://cdn.snapi.dev/images/v1/l/k/transcript13.jpg,Seeking Alpha,S&P Global Inc (SPGI) CEO Doug Peterson on Q1 2019 Results - Earnings Call Transcript,https://seekingalpha.com/article/4259122-s-and-p-global-inc-spgi-ceo-doug-peterson-q1-2019-results-earnings-call-transcript?source=feed_sector_transcripts,0.0,0.0
SPGI,2019-05-02,"S&P Global (SPGI) Q1 Earnings In Line, Revenue Lag Estimates",https://cdn.snapi.dev/images/v1/g/n/business-services8.jpg,Zacks Investment Research,S&P Global's (SPGI) first-quarter 2019 earnings and revenues improve on a year-over-year basis.,https://www.zacks.com/stock/news/407853/sp-global-spgi-q1-earnings-in-line-revenue-lag-estimates,-0.34,0.4404
SPGI,2019-05-02,S&P Global (SPGI) Q1 Earnings Meet Estimates,https://cdn.snapi.dev/images/v1/8/i/business-services2.jpg,Zacks Investment Research,"S&P Global (SPGI) delivered earnings and revenue surprises of 0.00% and -1.60%, respectively, for the quarter ended March 2019. Do the numbers hold clues to what lies ahead for the stock?",https://www.zacks.com/stock/news/407403/sp-global-spgi-q1-earnings-meet-estimates,0.0,0.128
SPGI,2019-04-30,S&P Global (SPGI) to Report Q1 Earnings: What's in Store?,https://cdn.snapi.dev/images/v1/u/j/business-services5.jpg,Zacks Investment Research,"S&P Global's (SPGI) first-quarter 2019 revenues are likely to reflect strength across Market Intelligence, Platts and S&P Dow Jones Indices segments.",https://www.zacks.com/stock/news/405621/sp-global-spgi-to-report-q1-earnings-whats-in-store,0.0,0.743
SPGI,2019-04-30,Unknown but Amazing Dividend Stocks,https://cdn.snapi.dev/images/v1/e/t/etf38-11.jpg,The Motley Fool,These compelling stocks might not show up on your typical dividend screen.,https://www.fool.com/investing/2019/04/30/3-unknown-but-amazing-dividend-stocks.aspx?source=iedfolrf0000001,0.7351,0.2263
SPGI,2019-04-11,S&P Global launches new ESG ratings system,https://cdn.snapi.dev/images/v1/m/q-2/sp-global-launches-new-esg-ratings-system.jpg,CNBC Television,"Susan Gray, S&P Global, joins 'Power Lunch' to discuss S&P Global's new environmental, social and governance (ESG) system and the benefits of the new standard.",https://www.youtube.com/watch?v=yQ3DCS5lp0A,0.0,0.3818
SPGI,2019-04-10,Here's Why You Should Retain S&P Global Stock Now,https://cdn.snapi.dev/images/v1/s/p/sp9.jpg,Zacks Investment Research,"S&P Global continues to benefit from acquisitions, which help it innovate consistently, increase differentiated content and develop new products.",https://www.zacks.com/stock/news/376797/heres-why-you-should-retain-sp-global-spgi-stock-now,0.0,0.8807
SPGI,2019-04-09,S&P is rolling out socially-minded index,https://cdn.snapi.dev/images/v1/e/t/etf40-5.jpg,CNBC,"S&P Dow Jones Indices, a unit of S&P Global Inc., is launching an environmental, social and governance version of its S&P 500 Index in an effort to meet increased investor demand for sustainable-investment vehicles based on U.S.",https://www.cnbc.com/2019/04/09/sp-is-rolling-out-socially-minded-index.html,0.0,0.1531
SPGI,2019-04-03,S&P Global's David Blitzer's Near 40-Year Term to End Soon,https://cdn.snapi.dev/images/v1/s/p/sp00-1.jpg,Zacks Investment Research,Blitzer joined S&P Global's (SPGI) index committee in 1989 and became its chairman in 1995.,https://www.zacks.com/stock/news/370091/sp-globals-david-blitzers-near-40-year-term-to-end-soon,0.0,0.0
SPGI,2019-04-02,S&P Global: Checks All Of The Boxes But One,https://cdn.snapi.dev/images/v1/s/p/spg7.jpg,Seeking Alpha,The company operates at the heart of the global financial markets.,https://seekingalpha.com/article/4252294-s-and-p-global-checks-boxes-one?source=feed_tag_long_ideas,0.0,0.0
SPGI,2019-03-11,Why Is S&P Global (SPGI) Up 0.7% Since Last Earnings Report?,https://cdn.snapi.dev/images/v1/s/p/spglobal.jpg,Zacks Investment Research,S&P Global (SPGI) reported earnings 30 days ago. What's next for the stock? We take a look at earnings estimates for some clues.,https://www.zacks.com/stock/news/358478/why-is-sp-global-spgi-up-07-since-last-earnings-report,0.0,0.0
SPGI,2019-02-12,"S&P Global Platts: It's not the quantity, but the quality of oil that counts",https://cdn.snapi.dev/images/v1/h/c/hcrdt0kxt80.jpg,CNBC Television,Eklavya Gupte of S and P Global Platts discusses the IEA's latest oil market forecast and whether sanctions against Venezuela and Iran are really impacting global demand.,https://www.youtube.com/watch?v=hCrDT0KxT80,0.0,-0.1935
SPGI,2019-02-11,S&P Global CEO: Narrowing Our Focus - Mad Money,https://cdn.snapi.dev/images/v1/m/y/myuopp-puc.jpg,CNBC Television,"S&P Global’s mixed earnings results may have stumped Wall Street, but could the ratings and analytics company’s newly streamlined business get it back on track? Jim Cramer checks in with the CEO.",https://www.youtube.com/watch?v=MYuoPP__puc,-0.4939,0.0
SPGI,2018-09-10,S&P Global CEO: Monetizing Data,https://cdn.snapi.dev/images/v1/n/p/npsrslxqagi.jpg,CNBC Television,"With the economy roaring again, companies that evaluate investment risks are back in style on Wall Street. Few are as reputable as S&P Global, so don't miss Jim Cramer's interview with the CEO.",https://www.youtube.com/watch?v=nPSrslXqaGI,0.0,-0.097
